timestamp,temperature,pressure,humidity,acc_x,acc_y,acc_z,orientation_yaw,orientation_pitch,orientation_roll,compass_x,compass_y,compass_z,gyro_x,gyro_y,gyro_z
2025-05-06 15:33:01,31.63157844543457,948.808349609375,26.84457778930664,-0.03138609603047371,0.034019701182842255,0.5745429992675781,352.19745826955506,2.915283326216233,3.798474810666484,11.772982597351074,2.5966453552246094,13.368632316589355,-0.002769211307168007,-6.422586739063263e-05,0.0011558756232261658
2025-05-06 15:33:03,31.594663619995117,948.83544921875,26.829843521118164,-0.02839694358408451,0.03683124855160713,0.5755054354667664,352.19226476446494,2.882024787269914,3.5703050843662147,23.815223693847656,5.688271522521973,26.920228958129883,0.0009262431412935257,-0.001551755703985691,0.0008439794182777405
2025-05-06 15:33:05,31.57620620727539,948.84130859375,26.912363052368164,-0.02889513596892357,0.03851817548274994,0.5737181305885315,352.130756349668,2.731559775279353,3.881822755334503,28.666362762451172,6.992489337921143,31.81366729736328,-0.00031472742557525635,4.161801189184189e-05,-0.0009982511401176453
2025-05-06 15:33:07,31.63157844543457,948.854248046875,26.980146408081055,-0.03138609603047371,0.036550093442201614,0.5744055509567261,352.12255500002215,2.5043746634366233,3.6647277538865866,30.831634521484375,7.2567362785339355,34.58662414550781,-0.0005550310015678406,-0.004081102088093758,0.0017204172909259796
2025-05-06 15:33:09,31.594663619995117,948.84375,26.5380802154541,-0.030389711260795593,0.036550093442201614,0.5745429992675781,352.07146006238855,2.312442078891034,3.494316241642061,31.918718338012695,7.307694911956787,34.99899673461914,-0.00043377652764320374,0.0011124331504106522,-0.0016512349247932434
2025-05-06 15:33:11,31.57620620727539,948.806884765625,26.87994384765625,-0.03138609603047371,0.03711240366101265,0.5741305947303772,351.9478515676579,2.241472784876605,3.618958656258331,32.185630798339844,7.564884185791016,34.881038665771484,-0.0007349122315645218,-0.0009481031447649002,0.0016508661210536957
2025-05-06 15:33:13,31.68695068359375,948.832275390625,26.68248748779297,-0.032382477074861526,0.03598778322339058,0.5727556943893433,351.8182615347616,1.9697132181801376,3.6460766416973973,32.35605239868164,7.758596420288086,35.4742431640625,0.0008697640150785446,-0.00024564843624830246,-0.00045052170753479004
2025-05-06 15:33:15,31.594663619995117,948.78125,26.903520584106445,-0.029393328353762627,0.03598778322339058,0.5756429433822632,351.7788274375885,2.151359537835688,3.774725389148703,32.275047302246094,8.005348205566406,34.80261993408203,0.0005777217447757721,0.0006320737302303314,0.0010313913226127625
2025-05-06 15:33:17,31.68695068359375,948.791259765625,26.602916717529297,-0.026902368292212486,0.03458201140165329,0.5734431743621826,351.42536173294576,2.1566339379788184,3.8159575336207774,32.041351318359375,7.317046642303467,35.1405143737793,-0.0006117243319749832,-0.0017674276605248451,0.001918599009513855
2025-05-06 15:33:19,31.650035858154297,948.822265625,26.86815643310547,-0.019429488107562065,0.03823702037334442,0.5745429992675781,351.2230976335069,2.1608208439400363,3.573454015017002,32.382110595703125,7.555638790130615,35.27927780151367,-0.0005876962095499039,-0.0001544477418065071,0.0018860287964344025
2025-05-06 15:33:22,31.613121032714844,948.839599609375,26.98309326171875,-0.02839694358408451,0.03879932686686516,0.571243405342102,351.24678046068027,2.1641623005480537,3.718472378031301,32.345909118652344,7.527003288269043,35.138702392578125,-0.0021447036415338516,-0.0007346589118242264,0.0006454810500144958
2025-05-06 15:33:24,31.63157844543457,948.810791015625,26.876996994018555,-0.0433427058160305,0.03936164081096649,0.5731682181358337,350.86030274423155,2.150946311390902,3.7245986308299797,32.33734893798828,7.524198055267334,35.17881774902344,-0.0006465371698141098,0.0028820987790822983,0.00038143619894981384
2025-05-06 15:33:26,31.63157844543457,948.835205078125,27.109817504882812,-0.03387705609202385,0.0362689383327961,0.5738555788993835,350.90383324735933,2.2983300542921414,3.725361477582905,32.12141036987305,7.715667724609375,35.28097915649414,-0.0009091664105653763,0.00039962027221918106,-0.0001687966287136078
2025-05-06 15:33:28,31.63157844543457,948.816162109375,27.053823471069336,-0.029891518875956535,0.03879932686686516,0.5745429992675781,350.57328880379754,2.008794279950481,4.769617146955107,32.01603317260742,7.64253044128418,34.9819450378418,4.561804234981537e-05,0.001062937080860138,-8.86768102645874e-05
2025-05-06 15:33:30,31.594663619995117,948.81103515625,26.829843521118164,-0.024411408230662346,0.03683124855160713,0.5741305947303772,350.6341850628901,1.9162042355617883,4.875687423444466,31.997699737548828,7.406824588775635,34.70683288574219,0.0009191334247589111,0.0001518353819847107,-0.0012236647307872772
2025-05-06 15:33:32,31.650035858154297,948.790771484375,26.938886642456055,-0.034873440861701965,0.03851817548274994,0.5789424777030945,350.8947456806686,2.0339750529862024,4.784041652708528,32.27150344848633,7.087522029876709,34.7967643737793,-4.7653913497924805e-05,8.746515959501266e-05,-0.0009172633290290833
2025-05-06 15:33:34,31.557748794555664,948.8095703125,27.021404266357422,-0.03138609603047371,0.04217318817973137,0.5760553479194641,350.49113699600787,2.254312473299171,4.47111610899757,32.43566131591797,7.226747035980225,34.911590576171875,-0.001566462218761444,0.0018540900200605392,-0.0008386299014091492
2025-05-06 15:33:36,31.63157844543457,948.8212890625,26.918256759643555,-0.029891518875956535,0.03823702037334442,0.5742680430412292,350.6509651301335,2.1943060597894357,4.660249596643925,32.35822296142578,7.336718559265137,34.33260726928711,-0.0009768176823854446,-0.00028029363602399826,-0.0002475753426551819
2025-05-06 15:33:38,31.539291381835938,948.821044921875,26.821001052856445,-0.029891518875956535,0.039080485701560974,0.5737181305885315,350.56998896865474,2.4734712590934893,4.46677168179862,32.492584228515625,7.605804920196533,34.91936492919922,-0.0009477753192186356,-0.0006062965840101242,-0.0008022449910640717
2025-05-06 15:33:41,31.50237464904785,948.8046875,26.803319931030273,-0.030389711260795593,0.03683124855160713,0.5734431743621826,350.6244520433228,2.2848474743139477,4.376691305043083,32.364891052246094,7.629339218139648,34.99138641357422,-4.9345195293426514e-05,0.0006541600450873375,-0.001424696296453476
2025-05-06 15:33:43,31.539291381835938,948.802978515625,26.980146408081055,-0.029891518875956535,0.03711240366101265,0.5717933773994446,350.64512190329856,2.2044345899983298,4.28444405077336,32.400978088378906,7.577359199523926,35.040283203125,0.0017754491418600082,0.0003455542027950287,0.0004212819039821625
2025-05-06 15:33:45,31.613121032714844,948.8271484375,26.850473403930664,-0.029891518875956535,0.03823702037334442,0.5739930868148804,350.75187263738394,2.270576220930029,4.132640962035711,32.4522819519043,7.419113636016846,34.879207611083984,0.0014626476913690567,-0.0005430029705166817,0.000378437340259552
2025-05-06 15:33:47,31.742324829101562,948.79296875,26.717853546142578,-0.029393328353762627,0.03739355504512787,0.5748180150985718,350.8210172036729,2.28602909704036,4.168061042410928,32.66390609741211,7.240355491638184,34.825538635253906,-0.0007009245455265045,-0.002349158748984337,0.0013145022094249725
2025-05-06 15:33:49,31.742324829101562,948.838134765625,27.03024673461914,-0.029891518875956535,0.03711240366101265,0.5744055509567261,350.9079339221823,2.3324788657080893,4.087584765402076,32.73428726196289,7.160768508911133,34.54509353637695,-0.00036939606070518494,-0.0008173156529664993,-0.0005033090710639954
2025-05-06 15:33:51,31.594663619995117,948.840087890625,26.691329956054688,-0.030389711260795593,0.03711240366101265,0.5738555788993835,350.96131441186685,2.3551002387957602,4.01381488038453,32.4685173034668,7.33162784576416,35.16410827636719,-2.9657036066055298e-05,-0.0007736673578619957,0.001001153141260147
2025-05-06 15:33:53,31.650035858154297,948.817626953125,27.834806442260742,-0.027898751199245453,0.03739355504512787,0.5742680430412292,350.98541388057964,2.270783474482657,3.9120369509017006,31.95639419555664,7.219790458679199,34.63906478881836,-0.001194089651107788,0.00012747664004564285,0.0006848499178886414
2025-05-06 15:33:55,31.594663619995117,948.82568359375,26.829843521118164,-0.030389711260795593,0.036550093442201614,0.5766052603721619,350.88208080240014,2.0873719778134814,3.8901406450831093,32.44371032714844,7.349587440490723,35.271507263183594,-0.0006043743342161179,-0.0004573352634906769,-0.00020693987607955933
2025-05-06 15:33:57,31.520832061767578,948.804931640625,26.5587100982666,-0.029891518875956535,0.03739355504512787,0.5755054354667664,350.65257193213574,2.107367143165282,3.9331127802462444,32.43060302734375,7.546248912811279,35.72819519042969,-0.001480376347899437,-0.002224360592663288,-0.00011447817087173462
2025-05-06 15:34:00,31.650035858154297,948.81298828125,26.62059783935547,-0.02839694358408451,0.03879932686686516,0.5755054354667664,350.93399792405506,2.2409656433307314,3.8530719277969805,32.509517669677734,7.4362053871154785,35.43556594848633,-0.0008275695145130157,-0.002212545834481716,0.0001289770007133484
2025-05-06 15:34:02,31.63157844543457,948.810302734375,27.884906768798828,-0.027400558814406395,0.03598778322339058,0.5750929117202759,351.16619020488963,2.293484675406252,3.889146852558872,32.51933288574219,7.390931606292725,35.46281814575195,-0.0001922398805618286,-0.0006552617996931076,-0.0017060041427612305
2025-05-06 15:34:04,31.520832061767578,948.837646484375,26.72374725341797,-0.029393328353762627,0.0362689383327961,0.5730307102203369,351.47382619397524,2.241092855604023,3.794054824499839,32.497501373291016,7.428018569946289,35.0854606628418,0.00010013580322265625,-0.0014678677543997765,0.0003547482192516327
2025-05-06 15:34:06,31.4654598236084,948.812744140625,26.800371170043945,-0.030389711260795593,0.0362689383327961,0.5756429433822632,351.24030458757346,2.545076401030964,3.6551108475352088,32.63886642456055,7.19032621383667,35.604434967041016,-0.0007828511297702789,0.000601581297814846,0.0016168057918548584
2025-05-06 15:34:08,31.520832061767578,948.77587890625,26.706064224243164,-0.027400558814406395,0.03711240366101265,0.5759178400039673,351.31188838516977,2.6128626134487556,3.703724292065951,32.682228088378906,7.046745777130127,35.33854675292969,-0.0001456569880247116,-0.0006492277607321739,-0.0010576248168945312
2025-05-06 15:34:10,31.539291381835938,948.783203125,26.653017044067383,-0.02590598352253437,0.03683124855160713,0.574680507183075,351.4389845452454,2.6981586561341095,3.6503561820992334,32.6442756652832,6.9080610275268555,35.242332458496094,-0.0004266519099473953,0.001185365952551365,0.0013245120644569397
2025-05-06 15:34:12,31.613121032714844,948.84326171875,26.635334014892578,-0.030389711260795593,0.03739355504512787,0.5761928558349609,351.2164339301979,2.961032787050625,3.4218936114383,32.797080993652344,7.324286937713623,34.89065170288086,0.00023648701608181,-0.0006087599322199821,0.0007807575166225433
2025-05-06 15:34:14,31.539291381835938,948.8408203125,26.629440307617188,-0.03138609603047371,0.0362689383327961,0.5741305947303772,351.0021982166913,2.9959534098427847,3.727797720682484,32.71630096435547,7.601420879364014,35.00017166137695,0.0002318304032087326,0.0006226673722267151,0.00017280131578445435
2025-05-06 15:34:16,31.520832061767578,948.8662109375,26.717853546142578,-0.027898751199245453,0.03739355504512787,0.5737181305885315,350.9633899356009,3.0315060385765817,3.846561903744312,32.54766082763672,7.563789367675781,35.00429916381836,0.000257004052400589,-0.0002842247486114502,-0.00012393668293952942
2025-05-06 15:34:19,31.57620620727539,948.815185546875,26.685434341430664,-0.027898751199245453,0.03711240366101265,0.572618305683136,350.9754272902394,2.9466439263469355,4.064996049156375,32.46164321899414,7.43523645401001,35.277523040771484,-0.0006796680390834808,-0.00030596833676099777,-0.002548065036535263
2025-05-06 15:34:21,31.50237464904785,948.7900390625,26.655963897705078,-0.030389711260795593,0.0379558689892292,0.5733056664466858,350.9091804317058,3.0519110152785833,4.125951218630507,32.29608154296875,7.382627487182617,35.0196647644043,-0.0004395376890897751,-0.0005860477685928345,0.0010830126702785492
2025-05-06 15:34:23,31.447002410888672,948.77197265625,26.38188362121582,-0.02889513596892357,0.036550093442201614,0.5731682181358337,350.9480851892182,2.938102347903011,4.154706741923084,32.34672546386719,7.173451900482178,35.49531936645508,0.0013567544519901276,0.0009184526279568672,0.0004806406795978546
2025-05-06 15:34:25,31.520832061767578,948.791259765625,26.635334014892578,-0.03138609603047371,0.03823702037334442,0.5737181305885315,351.13374424501114,2.689751760482882,4.107938729128714,32.27643966674805,7.252446174621582,35.40251159667969,-0.002306414768099785,0.00030189845710992813,0.0013551637530326843
2025-05-06 15:34:27,31.35471534729004,948.804443359375,26.570497512817383,-0.026902368292212486,0.03598778322339058,0.5752304196357727,351.08768827943777,2.7222248276746495,4.227035030138934,32.356407165527344,7.47697114944458,34.86758804321289,-0.0019884146749973297,-0.0009344825521111488,0.0007448866963386536
2025-05-06 15:34:29,31.391630172729492,948.820556640625,27.970373153686523,-0.02889513596892357,0.03739355504512787,0.5752304196357727,351.0806156185522,2.73372814689742,4.301227106224551,32.41259765625,7.6552252769470215,34.95872497558594,0.00043556466698646545,-0.00030745286494493484,-0.00016539543867111206
2025-05-06 15:34:31,31.447002410888672,948.799072265625,26.626493453979492,-0.02889513596892357,0.037674713879823685,0.5734431743621826,351.0832136517577,2.8185061624229113,4.301764983621689,32.40146255493164,7.5025482177734375,34.91469955444336,-0.002901410683989525,0.002120562829077244,-0.0004900135099887848
2025-05-06 15:34:33,31.428544998168945,948.806640625,26.85342025756836,-0.026902368292212486,0.03739355504512787,0.5752304196357727,351.00600177828534,2.757168502355258,4.161673107989674,32.705997467041016,7.442996978759766,34.94613265991211,-0.0019545741379261017,0.0009245323017239571,-0.0016896240413188934
2025-05-06 15:34:35,31.447002410888672,948.822265625,26.809213638305664,-0.03138609603047371,0.03542547672986984,0.5735806226730347,351.0883388549562,2.830773182172254,4.180753241436104,32.51435089111328,7.560042381286621,34.9328498840332,0.0004670191556215286,0.0020601656287908554,-0.0010225139558315277
2025-05-06 15:34:38,31.447002410888672,948.80517578125,26.588180541992188,-0.027898751199245453,0.03683124855160713,0.5756429433822632,351.0628759097304,3.004920167562542,4.364843061267226,32.726036071777344,7.522549152374268,34.92374801635742,0.0010075606405735016,0.00017833523452281952,-0.0019013062119483948
2025-05-06 15:34:40,31.483917236328125,948.79638671875,26.759113311767578,-0.026902368292212486,0.03823702037334442,0.5749555230140686,351.0578360838966,2.9145981728651162,4.425668030260306,32.84995651245117,7.460378646850586,35.31077194213867,0.00036674365401268005,-0.0004041763022542,-0.0018115043640136719
2025-05-06 15:34:42,31.391630172729492,948.822021484375,26.841630935668945,-0.030389711260795593,0.036550093442201614,0.5739930868148804,351.1493990385888,2.888899372669532,4.343415477180427,32.80668640136719,7.544084548950195,35.314388275146484,0.00034270621836185455,-0.00042242836207151413,0.0005854815244674683
2025-05-06 15:34:44,31.447002410888672,948.800537109375,26.83868408203125,-0.02889513596892357,0.036550093442201614,0.5748180150985718,350.99208014520957,3.0305387130353787,4.251680913985279,32.62409210205078,7.413509845733643,35.01274108886719,0.0003505256026983261,-0.0007746946066617966,0.0008916482329368591
2025-05-06 15:34:46,31.447002410888672,948.823486328125,26.90646743774414,-0.029393328353762627,0.03711240366101265,0.574680507183075,350.9207687014064,3.07404018785919,4.100426801702169,32.42771911621094,7.502018928527832,35.07016372680664,-0.001134246587753296,0.0013137543573975563,-0.0020800381898880005
2025-05-06 15:34:48,31.539291381835938,948.807373046875,26.823949813842773,-0.029393328353762627,0.03711240366101265,0.5744055509567261,350.8573469798682,2.9733839035041236,3.9657610844789053,32.24675369262695,7.74150276184082,34.99359130859375,-0.0004339776933193207,-0.0010804664343595505,0.0018605217337608337
2025-05-06 15:34:50,31.428544998168945,948.81005859375,26.747323989868164,-0.027400558814406395,0.03486316651105881,0.574680507183075,350.8581862393625,3.134746055428617,4.102647893842893,32.330291748046875,7.616713047027588,35.440311431884766,-0.00010926835238933563,-0.0008234856650233269,-0.0002493076026439667
2025-05-06 15:34:52,31.539291381835938,948.8154296875,26.86815643310547,-0.029891518875956535,0.0379558689892292,0.5734431743621826,351.15703604385453,2.9033849232386597,4.069375907961645,32.51985549926758,7.262376308441162,35.18143844604492,-0.001893976703286171,-0.0013558082282543182,0.0014951452612876892
2025-05-06 15:34:54,31.41008758544922,948.794677734375,26.68838119506836,-0.02839694358408451,0.03542547672986984,0.5742680430412292,351.1796943426524,2.7708749844721807,4.312122111724368,32.3363037109375,7.983358383178711,34.834205627441406,-0.000346895307302475,0.0005150120705366135,-0.0008957460522651672
2025-05-06 15:34:57,31.483917236328125,948.80517578125,27.127500534057617,-0.027400558814406395,0.03598778322339058,0.5738555788993835,350.9839752719857,2.7124561630576505,4.244425972426256,32.41014862060547,7.720049858093262,35.10207748413086,0.0005918815732002258,-0.000955645926296711,0.0005989409983158112
2025-05-06 15:34:59,31.447002410888672,948.795166015625,26.950674057006836,-0.03088790364563465,0.037674713879823685,0.574680507183075,350.9972591361477,2.821751142608902,4.33795303339171,32.44523239135742,7.6882243156433105,35.164581298828125,-0.0015240348875522614,-0.000371638685464859,-0.0006167851388454437
2025-05-06 15:35:01,31.483917236328125,948.827392578125,26.735536575317383,-0.03088790364563465,0.036550093442201614,0.5741305947303772,351.20017466487866,2.732476301288604,4.020536213414646,32.40745162963867,7.759092330932617,35.17536163330078,-0.0008838418871164322,-0.0006126705557107925,0.002347569912672043
2025-05-06 15:35:03,31.50237464904785,948.811767578125,26.850473403930664,-0.02889513596892357,0.03879932686686516,0.5749555230140686,351.0882731143854,2.512594155772499,4.133402101241344,32.49539566040039,7.651669502258301,35.504390716552734,1.6029924154281616e-05,-0.002044648863375187,0.0014064237475395203
2025-05-06 15:35:05,31.50237464904785,948.798583984375,26.706064224243164,-0.029393328353762627,0.03598778322339058,0.5748180150985718,350.76387157220836,2.4265015422751923,4.194056315505174,32.518943786621094,7.88594388961792,35.13526153564453,-1.9760802388191223e-05,0.0007123341783881187,-0.0018606148660182953
2025-05-06 15:35:07,31.520832061767578,948.79443359375,26.98309326171875,-0.029393328353762627,0.03570663183927536,0.574680507183075,351.08928483615625,2.318163002651154,4.165592782799615,32.32722091674805,7.602132320404053,34.91246032714844,0.00090809166431427,0.0010101841762661934,-0.00035029277205467224
2025-05-06 15:35:09,31.50237464904785,948.800048828125,26.694276809692383,-0.02889513596892357,0.035144321620464325,0.5742680430412292,351.0378193607602,2.6535481293438177,4.190127676071946,32.398963928222656,7.408572196960449,35.09097671508789,1.7562881112098694e-05,0.0006489614024758339,0.0002329796552658081
2025-05-06 15:35:11,31.539291381835938,948.812255859375,26.714906692504883,-0.02839694358408451,0.03711240366101265,0.5755054354667664,351.00973276911947,2.8620844768748848,4.1418109178832765,32.477169036865234,7.595615386962891,35.33405303955078,-0.001475328579545021,0.0023735621944069862,-2.2783875465393066e-05
2025-05-06 15:35:13,31.557748794555664,948.825439453125,26.909414291381836,-0.026902368292212486,0.03711240366101265,0.5748180150985718,350.99437679631797,2.6929672854780766,4.27890604801695,32.64647674560547,7.399167537689209,35.08648681640625,-0.00027608685195446014,0.001080116257071495,-0.00032158568501472473
2025-05-06 15:35:16,31.520832061767578,948.81298828125,26.756166458129883,-0.027400558814406395,0.03711240366101265,0.576330304145813,350.7544664017213,2.6453277832342956,4.258905973466683,32.798622131347656,7.29244327545166,35.20927429199219,4.803203046321869e-05,0.0016740895807743073,3.8992613554000854e-05
2025-05-06 15:35:18,31.613121032714844,948.822509765625,26.720800399780273,-0.025407791137695312,0.03598778322339058,0.5752304196357727,350.84346547415385,2.8045230576446025,4.422900949872805,32.7752799987793,7.309629917144775,34.833919525146484,-0.000535283237695694,0.00011247862130403519,0.002088315784931183
2025-05-06 15:35:20,31.50237464904785,948.8046875,27.00372314453125,-0.027400558814406395,0.0362689383327961,0.5742680430412292,350.93012691434296,2.703303709569833,4.301967327975851,32.343746185302734,7.4597978591918945,34.65703582763672,-0.0017467290163040161,-0.0004611760377883911,-0.0003817453980445862
2025-05-06 15:35:22,31.613121032714844,948.809326171875,26.81216049194336,-0.027898751199245453,0.036550093442201614,0.5730307102203369,350.95132355265844,2.412513528298418,4.257522860159755,32.118736267089844,7.5982890129089355,34.993995666503906,0.0006404593586921692,0.0001985030248761177,0.000524662435054779
2025-05-06 15:35:24,31.483917236328125,948.82861328125,26.653017044067383,-0.02640417590737343,0.0362689383327961,0.576330304145813,350.9862591164894,2.503736040749227,4.291667829594295,32.41398620605469,7.636783599853516,35.07416915893555,0.0012044627219438553,0.0020479345694184303,0.0008652582764625549
2025-05-06 15:35:26,31.520832061767578,948.821533203125,26.732587814331055,-0.029393328353762627,0.03851817548274994,0.5744055509567261,351.09237891185023,2.4346542268232487,4.55465657962282,32.67279052734375,7.3144145011901855,35.54808044433594,0.0017014555633068085,0.0014416985213756561,0.0011335648596286774
2025-05-06 15:35:28,31.520832061767578,948.80810546875,26.62059783935547,-0.025407791137695312,0.036550093442201614,0.5748180150985718,350.8314161666843,2.6160836879726515,4.500361698363096,32.9985237121582,7.534968376159668,35.7629280090332,-0.0016540680080652237,-0.0033771805465221405,-0.00184549018740654
2025-05-06 15:35:30,31.50237464904785,948.8095703125,26.918256759643555,-0.030389711260795593,0.03739355504512787,0.5755054354667664,350.8083642782355,2.7335063791928067,4.452848341175549,32.77899932861328,7.7735595703125,35.71556854248047,0.00016194581985473633,0.000814974308013916,0.00029809027910232544
2025-05-06 15:35:32,31.613121032714844,948.81103515625,25.989917755126953,-0.027400558814406395,0.03739355504512787,0.5735806226730347,350.5852484650342,2.9968611846721616,4.436092606481038,32.55012893676758,8.163321495056152,35.207271575927734,-0.00045389309525489807,0.00044182222336530685,0.00033263862133026123
2025-05-06 15:35:35,31.594663619995117,948.80078125,26.564603805541992,-0.027898751199245453,0.0379558689892292,0.5741305947303772,350.56724237883475,3.0072622821176216,4.359048499530117,32.70871353149414,7.3790388107299805,35.24857711791992,0.00046195462346076965,-0.00046818703413009644,0.0012218281626701355
2025-05-06 15:35:37,31.668493270874023,948.806396484375,26.800371170043945,-0.024909600615501404,0.037674713879823685,0.5766052603721619,350.7451858821865,2.9242253245002496,4.403270986198188,32.6865348815918,7.412256240844727,35.055564880371094,-0.002596471458673477,0.001344873569905758,-0.00035992637276649475
2025-05-06 15:35:39,31.613121032714844,948.8330078125,26.78563690185547,-0.026902368292212486,0.036550093442201614,0.5766052603721619,351.02698241186835,2.9096294236873437,4.340481484045084,32.89297866821289,7.809046745300293,35.094058990478516,0.0007577482610940933,0.0007159244269132614,-0.0009708292782306671
2025-05-06 15:35:41,31.557748794555664,948.810546875,26.78563690185547,-0.027898751199245453,0.03598778322339058,0.5744055509567261,351.1191506920758,2.840937997761114,4.414889564863203,32.81828308105469,7.7397332191467285,35.30482864379883,0.0022697970271110535,0.0021851295605301857,0.00018936395645141602
2025-05-06 15:35:43,31.650035858154297,948.84130859375,26.930044174194336,-0.024909600615501404,0.03683124855160713,0.5756429433822632,351.14585160908865,2.816545044357471,4.097634534992103,32.92588424682617,7.469345569610596,35.253692626953125,0.00014702044427394867,-0.00025157630443573,0.0008077509701251984
2025-05-06 15:35:45,31.705408096313477,948.844970703125,26.647123336791992,-0.02889513596892357,0.0362689383327961,0.5753679275512695,351.35439094482746,2.7980382199144986,4.1982530398633235,32.59334945678711,7.723259449005127,35.076866149902344,-0.001418447121977806,-0.0014264443889260292,0.0001549646258354187
2025-05-06 15:35:47,31.613121032714844,948.85693359375,26.479137420654297,-0.026902368292212486,0.037674713879823685,0.5741305947303772,351.2172057415741,2.99220256877139,4.197549103491989,32.68135452270508,7.519006252288818,35.27961349487305,0.00010218098759651184,0.0012710895389318466,-0.00068669393658638
2025-05-06 15:35:49,31.68695068359375,948.845703125,26.84752655029297,-0.030389711260795593,0.03542547672986984,0.5748180150985718,351.41169025554836,3.035513652072087,4.210819307275678,33.722900390625,7.471639633178711,35.68085479736328,-0.00017958320677280426,-0.0002339053899049759,0.0004702657461166382
2025-05-06 15:35:51,31.76078224182129,948.823974609375,26.850473403930664,-0.027898751199245453,0.03739355504512787,0.574680507183075,351.5222769946264,3.087531305573846,4.390597997080052,33.39019775390625,7.266725540161133,35.63159942626953,0.00036398693919181824,0.0006424523890018463,-0.001612439751625061
2025-05-06 15:35:54,31.613121032714844,948.801025390625,26.94183349609375,-0.02889513596892357,0.03598778322339058,0.5742680430412292,351.30766818203637,2.9235578869522922,4.3646180919114395,33.23853302001953,7.401336193084717,35.2389030456543,0.00152643583714962,7.367506623268127e-05,-0.0006205588579177856
2025-05-06 15:35:56,31.650035858154297,948.83056640625,26.644174575805664,-0.02889513596892357,0.03542547672986984,0.5748180150985718,351.2415032857728,3.1254943507544235,4.516323850453416,33.038909912109375,7.5965070724487305,35.517494201660156,0.000865984708070755,0.003923699259757996,-0.0011956170201301575
2025-05-06 15:35:58,31.705408096313477,948.80712890625,26.81216049194336,-0.029393328353762627,0.03683124855160713,0.5764678120613098,351.2059530049165,3.1807857993027344,4.477837015140863,32.87971496582031,7.702683925628662,34.75811767578125,0.0008140150457620621,0.0005422839894890785,-0.0008966811001300812
2025-05-06 15:36:00,31.57620620727539,948.829833984375,26.930044174194336,-0.030389711260795593,0.03739355504512787,0.5753679275512695,351.1181466542678,3.0801523533927053,4.4041422622041875,32.82442092895508,7.864206790924072,35.117515563964844,0.0010804664343595505,0.0005361763760447502,-0.00025724247097969055
2025-05-06 15:36:02,31.594663619995117,948.84814453125,26.86520767211914,-0.025407791137695312,0.037674713879823685,0.5759178400039673,350.7772792335491,2.983397601157597,4.214054682508148,32.744651794433594,7.650256156921387,35.071205139160156,-0.0004678834229707718,-0.0004104645922780037,-0.0001614801585674286
2025-05-06 15:36:04,31.76078224182129,948.821044921875,26.747323989868164,-0.02640417590737343,0.0362689383327961,0.5741305947303772,350.7033765867296,3.1435574263447568,4.220182215967295,32.91617202758789,7.558233737945557,35.07581329345703,0.0004336535930633545,0.0006982823833823204,-0.002203363925218582
2025-05-06 15:36:06,31.68695068359375,948.823974609375,26.714906692504883,-0.03138609603047371,0.03851817548274994,0.5768802165985107,350.50024761458707,3.4797220483764475,4.315770286514801,32.97877883911133,7.431726455688477,35.515403747558594,0.0006759185343980789,-0.0002173539251089096,0.0012190379202365875
2025-05-06 15:36:08,31.63157844543457,948.836669921875,26.72964096069336,-0.02640417590737343,0.03711240366101265,0.5733056664466858,350.2159307451015,3.5774097617634975,4.120566468243598,32.94559097290039,7.3927435874938965,36.12660598754883,0.0006208475679159164,0.001244138926267624,0.000661507248878479
2025-05-06 15:36:10,31.723867416381836,948.82373046875,26.676593780517578,-0.029393328353762627,0.03430085629224777,0.5741305947303772,350.4217721561182,3.4766307474467824,4.2020920330636935,33.05891799926758,7.401453495025635,35.819068908691406,0.0015312600880861282,-0.0008749943226575851,0.0003132261335849762
2025-05-06 15:36:13,31.705408096313477,948.843017578125,26.741430282592773,-0.029891518875956535,0.03598778322339058,0.579492449760437,350.3632656094615,3.372649014739566,4.0741382573604366,32.939857482910156,7.398677349090576,35.17440414428711,-0.0012026671320199966,5.836319178342819e-05,-0.001189451664686203
2025-05-06 15:36:15,31.705408096313477,948.82666015625,26.697223663330078,-0.029891518875956535,0.037674713879823685,0.5735806226730347,350.3786318275467,3.19485726965343,3.9036776531312514,32.84429168701172,7.371230602264404,35.2338752746582,0.0006474293768405914,0.0006945859640836716,3.478303551673889e-05
2025-05-06 15:36:17,31.63157844543457,948.820556640625,26.782690048217773,-0.029393328353762627,0.045547038316726685,0.5737181305885315,350.4232064958439,3.136871738364372,3.5246256329708157,33.15376281738281,7.302962779998779,35.18503952026367,-0.0015085432678461075,0.0015692971646785736,-0.002394784241914749
2025-05-06 15:36:19,31.723867416381836,948.830078125,26.835737228393555,-0.0368662066757679,0.03851817548274994,0.5735806226730347,350.37167869497165,3.15822952645559,3.279592169609785,32.844322204589844,7.1851606369018555,34.58949661254883,-0.0002839062362909317,-0.0017469469457864761,0.0012360848486423492
2025-05-06 15:36:21,31.742324829101562,948.883544921875,26.532184600830078,-0.027898751199245453,0.033176239579916,0.5738555788993835,350.57105618571256,3.0755389874951846,3.0185957003847883,32.42522430419922,7.418830871582031,34.41213607788086,0.0018754061311483383,0.0007202485576272011,-6.4373016357421875e-06
2025-05-06 15:36:23,31.650035858154297,948.844482421875,26.68248748779297,-0.030389711260795593,0.037674713879823685,0.5744055509567261,350.63023294468155,3.0873806145252827,3.0614139428481866,32.402706146240234,7.27300500869751,34.445762634277344,0.0006351321935653687,-0.000513189472258091,-0.000887066125869751
2025-05-06 15:36:25,31.797697067260742,948.866943359375,26.499767303466797,-0.024909600615501404,0.03851817548274994,0.5735806226730347,350.6934992794161,2.99037122430018,3.114037562195373,32.35481643676758,6.852601528167725,34.77320861816406,-0.0008782222867012024,0.0019030822440981865,-0.0011841431260108948
